priority,dataset_role,local_file,sheet_or_section,content_confirmed,how_to_use_in_P5
Core,CCC7 main benchmark,Data_raw/CCC Seventh Carbon Budget  Balanced Pathway data/The-Seventh-Carbon-Budget-full-dataset.xlsx,Economy-wide data,"scenario=Balanced Pathway; country=United Kingdom; variable=Emissions: direct emissions total; years 2025-2050; unit MtCO2e","Primary target-consistent pathway for annual DESNZ vs CCC comparison, benchmark-year gaps, 2050 headline gap, and CB5-CB6 period sums."
Core,CCC7 sector benchmark,Data_raw/CCC Seventh Carbon Budget  Balanced Pathway data/The-Seventh-Carbon-Budget-full-dataset.xlsx,Sector-level data,"Balanced Pathway and Baseline; sectors include Agriculture, Aviation, Electricity supply, Engineered removals, F-gases, Fuel supply, Industry, Land use, buildings, shipping, surface transport, waste; years 2025-2050","Use for broad sector-level benchmark context and sector-alignment checks. Do not use for strict one-to-one sector attribution without caveats."
Core,CCC7 sector classification,Data_raw/CCC Seventh Carbon Budget  Balanced Pathway data/The-Seventh-Carbon-Budget-full-dataset.xlsx,Sector classification,"IPCC code/source/activity mapped to CCC sector and CCC subsector","Use to justify which CCC sectors can or cannot align with DESNZ TES sectors."
Core,DESNZ EEP baseline by TES sector,Data_raw/Annex_A_GHG_by_TES_sector.ods,Reference,"GHG (All) rows for total emissions excluding IAS, total emissions including IAS, NCA rows, and TES sectors; years 1990-2050; unit MtCO2e","Use as DESNZ current-policy baseline. Including-IAS series is main comparator against CCC economy-wide benchmark; TES sector rows support sector residual-emissions context."
Core,DESNZ carbon-budget-period table,Data_raw/A_CB6/Web_tables_EEP_2024_2050.ods,Table_2_1,"Carbon budget targets; projected territorial emissions excluding and including IAS; projected NCA performance for CB4, CB5, CB6","Use to connect annual P5 benchmark comparison to official carbon-budget-period gaps, especially CB6."
Supporting,CCC6 sensitivity benchmark,Data_raw/CCC Sixth Carbon Budget chartsdata and scenario dataset/The-Sixth-Carbon-Budget-Dataset_v2.xlsx,Scenario key metrics,"Balanced Net Zero Pathway; Scenario emissions; Total emissions; UK annual values to 2050","Use only as sensitivity/robustness check. Main benchmark should remain CCC7 because it is newer and cleaner."
Supporting,CCC6 sector/method mapping,Data_raw/CCC Sixth Carbon Budget chartsdata and scenario dataset/The-Sixth-Carbon-Budget-Dataset_v2.xlsx,CCC sector mapping; Scenario descriptions,"NAEI to CCC sector mapping and scenario description material","Use only if extra explanation is needed for older CCC6 sector definitions or pathway choice."
Supporting,Official historical GHG check,Data_raw/A_CB6/final-greenhouse-gas-emissions-tables-2023.xlsx,Table 1.1,"UK territorial greenhouse gas emissions by gas, 1990-2023; total GHG in MtCO2e","Use as historical validation/background, not the main P5 benchmark. It supports the DESNZ historical segment and accounting-basis explanation."
Optional,DESNZ EEP report narrative,Data_raw/DESNZ Energy and Emissions Projections 2024-2050 annexes/energy-emissions-projections-report-2024-2050.pdf,Report text,"Narrative explanation of DESNZ EEP assumptions and policy basis","Use only for Methods wording if we need to explain DESNZ EEP assumptions; not needed for numerical P5 cleaning."
