tes_sector,2023,2050,projected_rate_2023_2050_MtCO2e_per_year,best_positive_historical_rate_MtCO2e_per_year,rank_2050_residual,accelerated_historical_anchor_2050_MtCO2e,desnz_central_2050_MtCO2e,delayed_delivery_2050_MtCO2e,ccc7_2050_MtCO2e,alignment_type,recommended_use,notes,central_gap_vs_ccc7_2050_MtCO2e,accelerated_gap_vs_ccc7_2050_MtCO2e,delayed_gap_vs_ccc7_2050_MtCO2e
Buildings and product uses,78.4758175684127,84.5503891046146,-0.2249841309704408,3.8910547302920007,1,0.0,84.5503891046146,84.5503891046146,2.7,Aggregate / partial,Use cautiously for broad comparison only; not exact one-to-one attribution.,"DESNZ combines buildings and product uses; CCC separates residential buildings, non-residential buildings, and F-gases.",81.85038910461459,-2.7,81.85038910461459
Domestic Transport,111.814687715586,49.8833690620126,2.293752542724941,3.260271166633797,2,23.787366216473487,49.8833690620126,80.8490283887993,1.1,Partial,Use surface transport as a proxy for road/surface transport; do not treat as total domestic transport.,"CCC separates surface transport, aviation and shipping; DESNZ domestic transport boundary differs.",48.783369062012596,22.687366216473485,79.7490283887993
Industry,53.0510806414845,47.3748288570278,0.21023154757247048,3.0957303857737126,3,0.0,47.3748288570278,50.212954749256156,3.6,Direct / broad,Can be compared at broad level; keep caveat around industrial processes and product-use emissions.,"Mostly usable, but F-gas/product-use boundaries may differ.",43.7748288570278,-3.6,46.612954749256154
Electricity supply,43.9334967691422,40.9557563067436,0.11028668379254075,8.60061541298712,4,0.0,40.9557563067436,42.4446265379429,1.0,Direct,Can be compared directly at broad sector level.,Strong match; note energy-from-waste classification if later used in sector decomposition.,39.9557563067436,-1.0,41.4446265379429
Agriculture,46.6137424553026,38.2005567333275,0.31159947118426284,0.2970916473941202,5,38.2005567333275,38.2005567333275,42.40714959431505,26.4,Direct,Can be compared directly at broad sector level.,"Strongest sector-level match, subject to source-category details.",11.800556733327504,11.800556733327504,16.007149594315052
IAS,39.4748838099595,34.0464399792679,0.20105347521079994,0.9998646033210405,6,12.478539520291406,34.0464399792679,36.760661894613705,23.2,Aggregate / partial,Use cautiously for broad IAS-related comparison; verify domestic/international boundary before attribution.,CCC has Aviation and Shipping as separate sectors; DESNZ IAS is an accounting-scope category.,10.846439979267902,-10.721460479708593,13.560661894613705
Fuel supply,30.0973856701954,13.2401066474921,0.6243436675075297,1.43299838357174,7,0.0,13.2401066474921,21.66874615884375,1.6,Direct,Can be compared directly at broad sector level.,Broad sector match.,11.6401066474921,-1.6,20.068746158843748
Waste,19.8666312812048,11.6812776690764,0.3031612448936445,1.6170742884854066,8,0.0,11.6812776690764,15.773954475140599,5.1,Direct / broad,Can be compared at broad level with caveat around energy-from-waste classification.,Sector classification includes some energy-from-waste allocation complexity.,6.5812776690764,-5.1,10.673954475140599
LULUCF,1.11971398879782,4.35862189668962,-0.11995955214414072,0.28800480734947215,9,0.0,4.35862189668962,4.35862189668962,-29.9,Partial / not one-to-one,Do not compare as exact match; use qualitatively unless land-use accounting is verified.,CCC land use is negative in 2050; engineered removals are a separate CCC sector and should not be folded into DESNZ LULUCF.,34.25862189668962,29.9,34.25862189668962
