mini_scenario_id,quadrant_id,scenario_name,mini_scenario_label,uk_policy_delivery,external_conditions,domestic_delivery_score,external_shift,default_removals_credit_available_MtCO2e,post_2050_reduction_rate_MtCO2e_per_year_for_stress_test,tes_sector,sector_2050_MtCO2e_before_offsets,desnz_central_2050_MtCO2e,accelerated_anchor_2050_MtCO2e,delayed_delivery_2050_MtCO2e,external_dependency_score,clean_power_score
U1-1,U1,Aligned transition,credible,High,Supportive,0.75,0.1,50,10.881010487061245,Buildings and product uses,16.910077820922922,84.5503891046146,0.0,84.5503891046146,0.3333333333333333,1.0
U1-1,U1,Aligned transition,credible,High,Supportive,0.75,0.1,50,10.881010487061245,Domestic Transport,35.19969865093864,49.8833690620126,23.787366216473487,80.8490283887993,0.3333333333333333,1.0
U1-1,U1,Aligned transition,credible,High,Supportive,0.75,0.1,50,10.881010487061245,Industry,8.159605146754124,47.3748288570278,0.0,50.21295474925616,1.0,0.5
U1-1,U1,Aligned transition,credible,High,Supportive,0.75,0.1,50,10.881010487061245,Electricity supply,7.958367475864293,40.9557563067436,0.0,42.4446265379429,0.5,1.0
U1-1,U1,Aligned transition,credible,High,Supportive,0.75,0.1,50,10.881010487061245,Agriculture,39.09445771628736,38.2005567333275,38.2005567333275,42.40714959431505,0.5,0.0
U1-1,U1,Aligned transition,credible,High,Supportive,0.75,0.1,50,10.881010487061245,IAS,17.031437465476838,34.0464399792679,12.478539520291406,36.760661894613705,0.8333333333333334,0.0
U1-1,U1,Aligned transition,credible,High,Supportive,0.75,0.1,50,10.881010487061245,Fuel supply,4.0628899047832014,13.2401066474921,0.0,21.66874615884375,0.6666666666666666,0.5
U1-1,U1,Aligned transition,credible,High,Supportive,0.75,0.1,50,10.881010487061245,Waste,3.7463141878458934,11.6812776690764,0.0,15.7739544751406,0.16666666666666666,0.0
U1-1,U1,Aligned transition,credible,High,Supportive,0.75,0.1,50,10.881010487061245,LULUCF,0.9262071530465441,4.35862189668962,0.0,4.35862189668962,0.5,0.0
U1-2,U1,Aligned transition,strong,High,Supportive,0.85,0.1,50,10.881010487061245,Buildings and product uses,8.455038910461454,84.5503891046146,0.0,84.5503891046146,0.3333333333333333,1.0
U1-2,U1,Aligned transition,strong,High,Supportive,0.85,0.1,50,10.881010487061245,Domestic Transport,29.493532433706065,49.8833690620126,23.787366216473487,80.8490283887993,0.3333333333333333,1.0
U1-2,U1,Aligned transition,strong,High,Supportive,0.85,0.1,50,10.881010487061245,Industry,3.138309671828509,47.3748288570278,0.0,50.21295474925616,1.0,0.5
U1-2,U1,Aligned transition,strong,High,Supportive,0.85,0.1,50,10.881010487061245,Electricity supply,3.713904822070006,40.9557563067436,0.0,42.4446265379429,0.5,1.0
U1-2,U1,Aligned transition,strong,High,Supportive,0.85,0.1,50,10.881010487061245,Agriculture,38.673798430188604,38.2005567333275,38.2005567333275,42.40714959431505,0.5,0.0
U1-2,U1,Aligned transition,strong,High,Supportive,0.85,0.1,50,10.881010487061245,IAS,14.603225228044607,34.0464399792679,12.478539520291406,36.760661894613705,0.8333333333333334,0.0
U1-2,U1,Aligned transition,strong,High,Supportive,0.85,0.1,50,10.881010487061245,Fuel supply,1.8960152888988269,13.2401066474921,0.0,21.66874615884375,0.6666666666666666,0.5
U1-2,U1,Aligned transition,strong,High,Supportive,0.85,0.1,50,10.881010487061245,Waste,2.168918740331833,11.6812776690764,0.0,15.7739544751406,0.16666666666666666,0.0
U1-2,U1,Aligned transition,strong,High,Supportive,0.85,0.1,50,10.881010487061245,LULUCF,0.4903449633775825,4.35862189668962,0.0,4.35862189668962,0.5,0.0
U1-3,U1,Aligned transition,front-loaded,High,Supportive,0.95,0.1,50,10.881010487061245,Buildings and product uses,0.0,84.5503891046146,0.0,84.5503891046146,0.3333333333333333,1.0
U1-3,U1,Aligned transition,front-loaded,High,Supportive,0.95,0.1,50,10.881010487061245,Domestic Transport,23.787366216473487,49.8833690620126,23.787366216473487,80.8490283887993,0.3333333333333333,1.0
U1-3,U1,Aligned transition,front-loaded,High,Supportive,0.95,0.1,50,10.881010487061245,Industry,0.0,47.3748288570278,0.0,50.21295474925616,1.0,0.5
U1-3,U1,Aligned transition,front-loaded,High,Supportive,0.95,0.1,50,10.881010487061245,Electricity supply,0.0,40.9557563067436,0.0,42.4446265379429,0.5,1.0
U1-3,U1,Aligned transition,front-loaded,High,Supportive,0.95,0.1,50,10.881010487061245,Agriculture,38.25313914408984,38.2005567333275,38.2005567333275,42.40714959431505,0.5,0.0
U1-3,U1,Aligned transition,front-loaded,High,Supportive,0.95,0.1,50,10.881010487061245,IAS,12.478539520291406,34.0464399792679,12.478539520291406,36.760661894613705,0.8333333333333334,0.0
U1-3,U1,Aligned transition,front-loaded,High,Supportive,0.95,0.1,50,10.881010487061245,Fuel supply,0.0,13.2401066474921,0.0,21.66874615884375,0.6666666666666666,0.5
U1-3,U1,Aligned transition,front-loaded,High,Supportive,0.95,0.1,50,10.881010487061245,Waste,0.591523292817774,11.6812776690764,0.0,15.7739544751406,0.16666666666666666,0.0
U1-3,U1,Aligned transition,front-loaded,High,Supportive,0.95,0.1,50,10.881010487061245,LULUCF,0.05448277370862087,4.35862189668962,0.0,4.35862189668962,0.5,0.0
U2-1,U2,Domestic delivery under external constraints,credible-but-costly,High,Constrained,0.65,-0.1,30,9.09697189143504,Buildings and product uses,33.82015564184584,84.5503891046146,0.0,84.5503891046146,0.3333333333333333,1.0
U2-1,U2,Domestic delivery under external constraints,credible-but-costly,High,Constrained,0.65,-0.1,30,9.09697189143504,Domestic Transport,46.612031085403814,49.8833690620126,23.787366216473487,80.8490283887993,0.3333333333333333,1.0
U2-1,U2,Domestic delivery under external constraints,credible-but-costly,High,Constrained,0.65,-0.1,30,9.09697189143504,Industry,21.968167702799573,47.3748288570278,0.0,50.21295474925616,1.0,0.5
U2-1,U2,Domestic delivery under external constraints,credible-but-costly,High,Constrained,0.65,-0.1,30,9.09697189143504,Electricity supply,17.508408446901445,40.9557563067436,0.0,42.4446265379429,0.5,1.0
U2-1,U2,Domestic delivery under external constraints,credible-but-costly,High,Constrained,0.65,-0.1,30,9.09697189143504,Agriculture,39.83061146696018,38.2005567333275,38.2005567333275,42.40714959431505,0.5,0.0
U2-1,U2,Domestic delivery under external constraints,credible-but-costly,High,Constrained,0.65,-0.1,30,9.09697189143504,IAS,22.494914999699354,34.0464399792679,12.478539520291406,36.760661894613705,0.8333333333333334,0.0
U2-1,U2,Domestic delivery under external constraints,credible-but-costly,High,Constrained,0.65,-0.1,30,9.09697189143504,Fuel supply,8.938357790523046,13.2401066474921,0.0,21.66874615884375,0.6666666666666666,0.5
U2-1,U2,Domestic delivery under external constraints,credible-but-costly,High,Constrained,0.65,-0.1,30,9.09697189143504,Waste,5.7180584972384665,11.6812776690764,0.0,15.7739544751406,0.16666666666666666,0.0
U2-1,U2,Domestic delivery under external constraints,credible-but-costly,High,Constrained,0.65,-0.1,30,9.09697189143504,LULUCF,1.6889659849672274,4.35862189668962,0.0,4.35862189668962,0.5,0.0
U2-2,U2,Domestic delivery under external constraints,strong-but-constrained,High,Constrained,0.75,-0.1,30,9.09697189143504,Buildings and product uses,25.365116731384383,84.5503891046146,0.0,84.5503891046146,0.3333333333333333,1.0
U2-2,U2,Domestic delivery under external constraints,strong-but-constrained,High,Constrained,0.75,-0.1,30,9.09697189143504,Domestic Transport,40.905864868171236,49.8833690620126,23.787366216473487,80.8490283887993,0.3333333333333333,1.0
U2-2,U2,Domestic delivery under external constraints,strong-but-constrained,High,Constrained,0.75,-0.1,30,9.09697189143504,Industry,16.946872227873953,47.3748288570278,0.0,50.21295474925616,1.0,0.5
U2-2,U2,Domestic delivery under external constraints,strong-but-constrained,High,Constrained,0.75,-0.1,30,9.09697189143504,Electricity supply,13.263945793107158,40.9557563067436,0.0,42.4446265379429,0.5,1.0
U2-2,U2,Domestic delivery under external constraints,strong-but-constrained,High,Constrained,0.75,-0.1,30,9.09697189143504,Agriculture,39.409952180861424,38.2005567333275,38.2005567333275,42.40714959431505,0.5,0.0
U2-2,U2,Domestic delivery under external constraints,strong-but-constrained,High,Constrained,0.75,-0.1,30,9.09697189143504,IAS,20.066702762267123,34.0464399792679,12.478539520291406,36.760661894613705,0.8333333333333334,0.0
U2-2,U2,Domestic delivery under external constraints,strong-but-constrained,High,Constrained,0.75,-0.1,30,9.09697189143504,Fuel supply,6.771483174638671,13.2401066474921,0.0,21.66874615884375,0.6666666666666666,0.5
U2-2,U2,Domestic delivery under external constraints,strong-but-constrained,High,Constrained,0.75,-0.1,30,9.09697189143504,Waste,4.140663049724408,11.6812776690764,0.0,15.7739544751406,0.16666666666666666,0.0
U2-2,U2,Domestic delivery under external constraints,strong-but-constrained,High,Constrained,0.75,-0.1,30,9.09697189143504,LULUCF,1.2531037952982658,4.35862189668962,0.0,4.35862189668962,0.5,0.0
U2-3,U2,Domestic delivery under external constraints,front-loaded-domestic,High,Constrained,0.85,-0.1,30,9.09697189143504,Buildings and product uses,16.910077820922922,84.5503891046146,0.0,84.5503891046146,0.3333333333333333,1.0
U2-3,U2,Domestic delivery under external constraints,front-loaded-domestic,High,Constrained,0.85,-0.1,30,9.09697189143504,Domestic Transport,35.19969865093865,49.8833690620126,23.787366216473487,80.8490283887993,0.3333333333333333,1.0
U2-3,U2,Domestic delivery under external constraints,front-loaded-domestic,High,Constrained,0.85,-0.1,30,9.09697189143504,Industry,11.925576752948338,47.3748288570278,0.0,50.21295474925616,1.0,0.5
U2-3,U2,Domestic delivery under external constraints,front-loaded-domestic,High,Constrained,0.85,-0.1,30,9.09697189143504,Electricity supply,9.019483139312868,40.9557563067436,0.0,42.4446265379429,0.5,1.0
U2-3,U2,Domestic delivery under external constraints,front-loaded-domestic,High,Constrained,0.85,-0.1,30,9.09697189143504,Agriculture,38.98929289476267,38.2005567333275,38.2005567333275,42.40714959431505,0.5,0.0
U2-3,U2,Domestic delivery under external constraints,front-loaded-domestic,High,Constrained,0.85,-0.1,30,9.09697189143504,IAS,17.638490524834896,34.0464399792679,12.478539520291406,36.760661894613705,0.8333333333333334,0.0
U2-3,U2,Domestic delivery under external constraints,front-loaded-domestic,High,Constrained,0.85,-0.1,30,9.09697189143504,Fuel supply,4.604608558754297,13.2401066474921,0.0,21.66874615884375,0.6666666666666666,0.5
U2-3,U2,Domestic delivery under external constraints,front-loaded-domestic,High,Constrained,0.85,-0.1,30,9.09697189143504,Waste,2.563267602210347,11.6812776690764,0.0,15.7739544751406,0.16666666666666666,0.0
U2-3,U2,Domestic delivery under external constraints,front-loaded-domestic,High,Constrained,0.85,-0.1,30,9.09697189143504,LULUCF,0.8172416056293037,4.35862189668962,0.0,4.35862189668962,0.5,0.0
U3-1,U3,Weak delivery despite supportive conditions,partial-delivery,Low,Supportive,0.3,0.1,30,7.312933295808833,Buildings and product uses,54.957752917999485,84.5503891046146,0.0,84.5503891046146,0.3333333333333333,1.0
U3-1,U3,Weak delivery despite supportive conditions,partial-delivery,Low,Supportive,0.3,0.1,30,7.312933295808833,Domestic Transport,60.877446628485266,49.8833690620126,23.787366216473487,80.8490283887993,0.3333333333333333,1.0
U3-1,U3,Weak delivery despite supportive conditions,partial-delivery,Low,Supportive,0.3,0.1,30,7.312933295808833,Industry,30.755434783919398,47.3748288570278,0.0,50.21295474925616,1.0,0.5
U3-1,U3,Weak delivery despite supportive conditions,partial-delivery,Low,Supportive,0.3,0.1,30,7.312933295808833,Electricity supply,27.0584494179386,40.9557563067436,0.0,42.4446265379429,0.5,1.0
U3-1,U3,Weak delivery despite supportive conditions,partial-delivery,Low,Supportive,0.3,0.1,30,7.312933295808833,Agriculture,40.98742450373175,38.2005567333275,38.2005567333275,42.40714959431505,0.5,0.0
U3-1,U3,Weak delivery despite supportive conditions,partial-delivery,Low,Supportive,0.3,0.1,30,7.312933295808833,IAS,27.958392533921874,34.0464399792679,12.478539520291406,36.760661894613705,0.8333333333333334,0.0
U3-1,U3,Weak delivery despite supportive conditions,partial-delivery,Low,Supportive,0.3,0.1,30,7.312933295808833,Fuel supply,13.81382567626289,13.2401066474921,0.0,21.66874615884375,0.6666666666666666,0.5
U3-1,U3,Weak delivery despite supportive conditions,partial-delivery,Low,Supportive,0.3,0.1,30,7.312933295808833,Waste,10.844593701659162,11.6812776690764,0.0,15.7739544751406,0.16666666666666666,0.0
U3-1,U3,Weak delivery despite supportive conditions,partial-delivery,Low,Supportive,0.3,0.1,30,7.312933295808833,LULUCF,2.887587006556873,4.35862189668962,0.0,4.35862189668962,0.5,0.0
U3-2,U3,Weak delivery despite supportive conditions,uneven-delivery,Low,Supportive,0.4,0.1,30,7.312933295808833,Buildings and product uses,46.502714007538025,84.5503891046146,0.0,84.5503891046146,0.3333333333333333,1.0
U3-2,U3,Weak delivery despite supportive conditions,uneven-delivery,Low,Supportive,0.4,0.1,30,7.312933295808833,Domestic Transport,55.17128041125268,49.8833690620126,23.787366216473487,80.8490283887993,0.3333333333333333,1.0
U3-2,U3,Weak delivery despite supportive conditions,uneven-delivery,Low,Supportive,0.4,0.1,30,7.312933295808833,Industry,25.734139308993782,47.3748288570278,0.0,50.21295474925616,1.0,0.5
U3-2,U3,Weak delivery despite supportive conditions,uneven-delivery,Low,Supportive,0.4,0.1,30,7.312933295808833,Electricity supply,22.81398676414431,40.9557563067436,0.0,42.4446265379429,0.5,1.0
U3-2,U3,Weak delivery despite supportive conditions,uneven-delivery,Low,Supportive,0.4,0.1,30,7.312933295808833,Agriculture,40.566765217633,38.2005567333275,38.2005567333275,42.40714959431505,0.5,0.0
U3-2,U3,Weak delivery despite supportive conditions,uneven-delivery,Low,Supportive,0.4,0.1,30,7.312933295808833,IAS,25.53018029648964,34.0464399792679,12.478539520291406,36.760661894613705,0.8333333333333334,0.0
U3-2,U3,Weak delivery despite supportive conditions,uneven-delivery,Low,Supportive,0.4,0.1,30,7.312933295808833,Fuel supply,11.646951060378514,13.2401066474921,0.0,21.66874615884375,0.6666666666666666,0.5
U3-2,U3,Weak delivery despite supportive conditions,uneven-delivery,Low,Supportive,0.4,0.1,30,7.312933295808833,Waste,9.267198254145102,11.6812776690764,0.0,15.7739544751406,0.16666666666666666,0.0
U3-2,U3,Weak delivery despite supportive conditions,uneven-delivery,Low,Supportive,0.4,0.1,30,7.312933295808833,LULUCF,2.451724816887911,4.35862189668962,0.0,4.35862189668962,0.5,0.0
U3-3,U3,Weak delivery despite supportive conditions,late-catch-up,Low,Supportive,0.5,0.1,30,7.312933295808833,Buildings and product uses,38.047675097076564,84.5503891046146,0.0,84.5503891046146,0.3333333333333333,1.0
U3-3,U3,Weak delivery despite supportive conditions,late-catch-up,Low,Supportive,0.5,0.1,30,7.312933295808833,Domestic Transport,49.4651141940201,49.8833690620126,23.787366216473487,80.8490283887993,0.3333333333333333,1.0
U3-3,U3,Weak delivery despite supportive conditions,late-catch-up,Low,Supportive,0.5,0.1,30,7.312933295808833,Industry,20.712843834068167,47.3748288570278,0.0,50.21295474925616,1.0,0.5
U3-3,U3,Weak delivery despite supportive conditions,late-catch-up,Low,Supportive,0.5,0.1,30,7.312933295808833,Electricity supply,18.56952411035002,40.9557563067436,0.0,42.4446265379429,0.5,1.0
U3-3,U3,Weak delivery despite supportive conditions,late-catch-up,Low,Supportive,0.5,0.1,30,7.312933295808833,Agriculture,40.146105931534244,38.2005567333275,38.2005567333275,42.40714959431505,0.5,0.0
U3-3,U3,Weak delivery despite supportive conditions,late-catch-up,Low,Supportive,0.5,0.1,30,7.312933295808833,IAS,23.101968059057413,34.0464399792679,12.478539520291406,36.760661894613705,0.8333333333333334,0.0
U3-3,U3,Weak delivery despite supportive conditions,late-catch-up,Low,Supportive,0.5,0.1,30,7.312933295808833,Fuel supply,9.48007644449414,13.2401066474921,0.0,21.66874615884375,0.6666666666666666,0.5
U3-3,U3,Weak delivery despite supportive conditions,late-catch-up,Low,Supportive,0.5,0.1,30,7.312933295808833,Waste,7.689802806631043,11.6812776690764,0.0,15.7739544751406,0.16666666666666666,0.0
U3-3,U3,Weak delivery despite supportive conditions,late-catch-up,Low,Supportive,0.5,0.1,30,7.312933295808833,LULUCF,2.015862627218949,4.35862189668962,0.0,4.35862189668962,0.5,0.0
U4-1,U4,Delayed transition risk,delayed,Low,Constrained,0.15,-0.1,10,6.215993301437508,Buildings and product uses,76.09535019415314,84.5503891046146,0.0,84.5503891046146,0.3333333333333333,1.0
U4-1,U4,Delayed transition risk,delayed,Low,Constrained,0.15,-0.1,10,6.215993301437508,Domestic Transport,75.14286217156672,49.8833690620126,23.787366216473487,80.8490283887993,0.3333333333333333,1.0
U4-1,U4,Delayed transition risk,delayed,Low,Constrained,0.15,-0.1,10,6.215993301437508,Industry,47.074645077427654,47.3748288570278,0.0,50.21295474925616,1.0,0.5
U4-1,U4,Delayed transition risk,delayed,Low,Constrained,0.15,-0.1,10,6.215993301437508,Electricity supply,38.730721715872896,40.9557563067436,0.0,42.4446265379429,0.5,1.0
U4-1,U4,Delayed transition risk,delayed,Low,Constrained,0.15,-0.1,10,6.215993301437508,Agriculture,41.93390789745395,38.2005567333275,38.2005567333275,42.40714959431505,0.5,0.0
U4-1,U4,Delayed transition risk,delayed,Low,Constrained,0.15,-0.1,10,6.215993301437508,IAS,34.6359761868605,34.0464399792679,12.478539520291406,36.760661894613705,0.8333333333333334,0.0
U4-1,U4,Delayed transition risk,delayed,Low,Constrained,0.15,-0.1,10,6.215993301437508,Fuel supply,19.772730869944922,13.2401066474921,0.0,21.66874615884375,0.6666666666666666,0.5
U4-1,U4,Delayed transition risk,delayed,Low,Constrained,0.15,-0.1,10,6.215993301437508,Waste,13.605035734808768,11.6812776690764,0.0,15.7739544751406,0.16666666666666666,0.0
U4-1,U4,Delayed transition risk,delayed,Low,Constrained,0.15,-0.1,10,6.215993301437508,LULUCF,3.8682769333120377,4.35862189668962,0.0,4.35862189668962,0.5,0.0
U4-2,U4,Delayed transition risk,fragmented,Low,Constrained,0.25,-0.1,10,6.215993301437508,Buildings and product uses,67.64031128369167,84.5503891046146,0.0,84.5503891046146,0.3333333333333333,1.0
U4-2,U4,Delayed transition risk,fragmented,Low,Constrained,0.25,-0.1,10,6.215993301437508,Domestic Transport,69.43669595433414,49.8833690620126,23.787366216473487,80.8490283887993,0.3333333333333333,1.0
U4-2,U4,Delayed transition risk,fragmented,Low,Constrained,0.25,-0.1,10,6.215993301437508,Industry,42.05334960250204,47.3748288570278,0.0,50.21295474925616,1.0,0.5
U4-2,U4,Delayed transition risk,fragmented,Low,Constrained,0.25,-0.1,10,6.215993301437508,Electricity supply,34.48625906207861,40.9557563067436,0.0,42.4446265379429,0.5,1.0
U4-2,U4,Delayed transition risk,fragmented,Low,Constrained,0.25,-0.1,10,6.215993301437508,Agriculture,41.513248611355195,38.2005567333275,38.2005567333275,42.40714959431505,0.5,0.0
U4-2,U4,Delayed transition risk,fragmented,Low,Constrained,0.25,-0.1,10,6.215993301437508,IAS,32.207763949428276,34.0464399792679,12.478539520291406,36.760661894613705,0.8333333333333334,0.0
U4-2,U4,Delayed transition risk,fragmented,Low,Constrained,0.25,-0.1,10,6.215993301437508,Fuel supply,17.605856254060548,13.2401066474921,0.0,21.66874615884375,0.6666666666666666,0.5
U4-2,U4,Delayed transition risk,fragmented,Low,Constrained,0.25,-0.1,10,6.215993301437508,Waste,12.027640287294709,11.6812776690764,0.0,15.7739544751406,0.16666666666666666,0.0
U4-2,U4,Delayed transition risk,fragmented,Low,Constrained,0.25,-0.1,10,6.215993301437508,LULUCF,3.4324147436430756,4.35862189668962,0.0,4.35862189668962,0.5,0.0
U4-3,U4,Delayed transition risk,late-and-costly,Low,Constrained,0.35,-0.1,10,6.215993301437508,Buildings and product uses,59.18527237323022,84.5503891046146,0.0,84.5503891046146,0.3333333333333333,1.0
U4-3,U4,Delayed transition risk,late-and-costly,Low,Constrained,0.35,-0.1,10,6.215993301437508,Domestic Transport,63.730529737101556,49.8833690620126,23.787366216473487,80.8490283887993,0.3333333333333333,1.0
U4-3,U4,Delayed transition risk,late-and-costly,Low,Constrained,0.35,-0.1,10,6.215993301437508,Industry,37.03205412757642,47.3748288570278,0.0,50.21295474925616,1.0,0.5
U4-3,U4,Delayed transition risk,late-and-costly,Low,Constrained,0.35,-0.1,10,6.215993301437508,Electricity supply,30.24179640828432,40.9557563067436,0.0,42.4446265379429,0.5,1.0
U4-3,U4,Delayed transition risk,late-and-costly,Low,Constrained,0.35,-0.1,10,6.215993301437508,Agriculture,41.09258932525644,38.2005567333275,38.2005567333275,42.40714959431505,0.5,0.0
U4-3,U4,Delayed transition risk,late-and-costly,Low,Constrained,0.35,-0.1,10,6.215993301437508,IAS,29.779551711996042,34.0464399792679,12.478539520291406,36.760661894613705,0.8333333333333334,0.0
U4-3,U4,Delayed transition risk,late-and-costly,Low,Constrained,0.35,-0.1,10,6.215993301437508,Fuel supply,15.438981638176172,13.2401066474921,0.0,21.66874615884375,0.6666666666666666,0.5
U4-3,U4,Delayed transition risk,late-and-costly,Low,Constrained,0.35,-0.1,10,6.215993301437508,Waste,10.450244839780648,11.6812776690764,0.0,15.7739544751406,0.16666666666666666,0.0
U4-3,U4,Delayed transition risk,late-and-costly,Low,Constrained,0.35,-0.1,10,6.215993301437508,LULUCF,2.9965525539741136,4.35862189668962,0.0,4.35862189668962,0.5,0.0
