tes_sector,rank_2050_residual,linkage_priority_rank,linkage_typology,system_linkage_score,electrification_coupling_score,hard_to_abate_residual_score,external_exposure_score,desnz_central_2050_MtCO2e,share_of_2050_inc_IAS_total_pct,ccc7_2050_MtCO2e,central_gap_vs_ccc7_2050_MtCO2e,projected_rate_2023_2050_MtCO2e_per_year,best_positive_historical_rate_MtCO2e_per_year,projected_vs_best_historical_rate_ratio,rate_anchor_interpretation,linkage_weighted_residual_index,linkage_weighted_residual_share_pct,clean_power_dependency,electrification_infrastructure,hydrogen_ccus_dependency,demand_behaviour,land_bio_nonco2,international_fuel_technology,removals_credits_accounting
Buildings and product uses,1,1,Coupled electrification block,8,4,1,2,84.5503891046146,26.07235440621461,2.7,81.85038910461459,-0.2249841309704408,3.8910547302920007,-0.0578208600405774,Projected reversal after historical decline,676.4031128369168,27.62927608463248,2,2,0,2,0,1,1
Industry,3,2,Industrial hydrogen-CCUS block,9,2,4,4,47.3748288570278,14.608724347393672,3.6,43.7748288570278,0.2102315475724704,3.0957303857737126,0.0679101605677871,Much slower than historical delivered rates,426.3734597132502,17.41622681801231,1,1,2,1,0,2,2
Domestic Transport,2,3,Coupled electrification block,8,4,1,2,49.8833690620126,15.382269566513571,1.1,48.7833690620126,2.293752542724941,3.260271166633797,0.7035465534890527,Slower than historical delivered rates,399.0669524961008,16.300828304180314,2,2,0,2,0,1,1
Electricity supply,4,4,Coupled electrification block,7,3,2,2,40.9557563067436,12.629309039403337,1.0,39.9557563067436,0.1102866837925407,8.60061541298712,0.0128231153814883,Much slower than historical delivered rates,286.69029414720524,11.710539377259522,2,1,1,1,0,1,1
Agriculture,5,5,Land and non-CO2 residual block,7,0,4,3,38.2005567333275,11.779702780949874,26.4,11.800556733327504,0.3115994711842628,0.2970916473941202,1.048832822859192,Comparable to historical delivered rates,267.4038971332925,10.922741128460359,0,0,0,2,2,1,2
IAS,6,6,International fuel and technology block,7,0,3,4,34.0464399792679,10.498719861727276,23.2,10.846439979267902,0.2010534752107999,0.9998646033210404,0.2010807008699005,Much slower than historical delivered rates,238.3250798548753,9.73494844159601,0,0,1,2,0,2,2
Fuel supply,7,7,International fuel and technology block,7,2,2,3,13.2401066474921,4.082781363222036,1.6,11.6401066474921,0.6243436675075297,1.43299838357174,0.435690419937081,Slower than historical delivered rates,92.6807465324447,3.785763082808511,1,1,1,1,0,2,1
Waste,8,8,Lower-coupling residual block,3,0,2,1,11.6812776690764,3.602093550731373,5.1,6.5812776690764,0.3031612448936445,1.6170742884854066,0.1874751500610359,Much slower than historical delivered rates,35.043833007229196,1.4314477843834779,0,0,0,1,1,0,1
LULUCF,9,9,Land and non-CO2 residual block,6,0,4,3,4.35862189668962,1.3440450838442903,-29.9,34.25862189668962,-0.1199595521441407,0.2880048073494721,-0.4165192701057202,Projected reversal after historical decline,26.15173138013772,1.068228978667019,0,0,0,1,2,1,2
