,Buildings and product uses,Domestic Transport,Industry,Electricity supply,Agriculture,IAS,Fuel supply,Waste,LULUCF
Buildings and product uses,1.0,1.0,0.69,0.891,0.519,0.593,0.802,0.463,0.423
Domestic Transport,1.0,1.0,0.69,0.891,0.519,0.593,0.802,0.463,0.423
Industry,0.69,0.69,1.0,0.861,0.573,0.859,0.947,0.447,0.572
Electricity supply,0.891,0.891,0.861,1.0,0.462,0.647,0.889,0.385,0.422
Agriculture,0.519,0.519,0.573,0.462,1.0,0.769,0.555,0.961,0.965
IAS,0.593,0.593,0.859,0.647,0.769,1.0,0.832,0.641,0.702
Fuel supply,0.802,0.802,0.947,0.889,0.555,0.832,1.0,0.385,0.527
Waste,0.463,0.463,0.447,0.385,0.961,0.641,0.385,1.0,0.913
LULUCF,0.423,0.423,0.572,0.422,0.965,0.702,0.527,0.913,1.0
