tes_sector,1990_MtCO2e,2008_MtCO2e,2023_MtCO2e,2030_MtCO2e,2050_MtCO2e,historical_change_1990_2023_MtCO2e,historical_change_1990_2023_pct,projected_change_2023_2050_MtCO2e,projected_change_2023_2050_pct,interpretation
Buildings and product uses,109.75340041993684,113.31990311427268,78.4758175684127,82.162375325639,84.5503891046146,-31.277582851524144,-28.498053574513698,6.074571536201901,7.740692259633083,"Largest 2050 residual; historical decline does not continue into projection, which rises slightly after 2023."
Domestic Transport,129.25500892132945,134.17385493147802,111.81468771558546,94.662372105314,49.8833690620126,-17.440321205743984,-13.492955786617886,-61.931318653572866,-55.38746288063949,"Large historical and projected decline, but 2050 residual remains high because the 2023 base is large."
Industry,155.21018337201727,92.82509810741216,53.051080641484496,40.1178138899444,47.3748288570278,-102.15910273053277,-65.81984539356645,-5.676251784456696,-10.699596908904475,"Large historical decline, but the projection leaves a persistent 2050 residual."
Electricity supply,203.99089845322865,172.94272796394935,43.93349676914219,23.6639600617013,40.9557563067436,-160.05740168408647,-78.46301129007708,-2.977740462398586,-6.777836232899354,"Very large historical decline, but residual rises after 2030 and remains strategically important for electrification."
Agriculture,54.401001638741675,49.6981093209486,46.61374245530264,44.64594711842,38.2005567333275,-7.7872591834390334,-14.314551109098215,-8.41318572197514,-18.048724000314806,Slow historical and projected decline; persistent non-CO2 residual.
IAS,23.647335467122502,45.780365185421054,39.47488380995948,40.2550509807,34.0464399792679,15.827548342836977,66.9316353415057,-5.428443830691577,-13.751639794116343,Memo-item emissions rise historically and decline only modestly in the projection.
Fuel supply,77.19217050753738,49.67811339166524,30.097385670195436,25.1864098374098,13.2401066474921,-47.09478483734195,-61.00979481169454,-16.857279022703338,-56.00911390585199,Residual is smaller than the leading sectors but still relevant to whole-economy totals.
Waste,70.28513821072414,44.12274560848591,19.866631281204874,15.9382259401972,11.6812776690764,-50.41850692951927,-71.7342360178021,-8.185353612128475,-41.20151774232782,Residual is smaller than the leading sectors but still relevant to whole-economy totals.
LULUCF,10.623872631330421,1.2277490341687878,1.1197139887977934,1.33687784699157,4.35862189668962,-9.504158642532628,-89.46039709196351,3.2389079078918264,289.2620740917379,Net land-use category is volatile and not directly comparable with engineered removals.
